uid,lod,cell,height,height_max,height_min,height_pct90,ground_z,footprint_area,footprint_length,centre_e,centre_n,n_triangles,n_vertices,zmin_odn
NS75NW_219,1,0_6,4.37541633054,-9999.0,-9999.0,-9999.0,40.4150009155,45.1933650004709,27.1618335998499,270538.8,659373.11,12,8,40.415
NS75NW_229,1,0_6,5.88080577506,-9999.0,-9999.0,-9999.0,41.6529998779,158.261680685136,56.2467508707888,270330.89,659367.39,20,12,41.653
NS75NW_231,1,0_6,6.04332708587,-9999.0,-9999.0,-9999.0,42.4630012512,143.461975342694,51.6185036996955,270611.86,659363.76,20,12,42.463
NS75NW_232,1,0_6,6.08591210189,-9999.0,-9999.0,-9999.0,40.5005989075,198.647613945585,63.9346398151521,270555.41,659363.28,28,16,40.501
NS75NW_237,1,0_6,2.55886725894,-9999.0,-9999.0,-9999.0,40.8829994202,179.971038696007,74.7947976057243,270377.55,659356.46,20,12,40.883
NS75NW_239,1,0_6,5.83452936781,-9999.0,-9999.0,-9999.0,40.09400177,482.052780794547,128.939467967758,270475.96,659365.03,12,8,40.094
NS75NW_240,1,0_6,6.17063203438,-9999.0,-9999.0,-9999.0,42.0569992065,150.416490828463,52.2445366849315,270610.02,659349.54,20,12,42.057
NS75NW_243,1,0_6,5.55186531302,-9999.0,-9999.0,-9999.0,40.4290008545,235.231733915322,79.4238737876197,270548.68,659348.46,52,28,40.429
NS75NW_253,1,0_6,2.5828633715,-9999.0,-9999.0,-9999.0,40.4430007935,132.916669994909,58.1228967061707,270487.85,659338.39,28,16,40.443
NS75NW_254,1,0_6,5.87234815478,-9999.0,-9999.0,-9999.0,40.6609992981,604.403831632514,158.131907421879,270425.9,659358.0,28,16,40.661
NS75NW_255,1,0_6,5.61374948986,-9999.0,-9999.0,-9999.0,40.9319992065,398.6423281417,107.53870944627,270381.64,659342.0,12,8,40.932
NS75NW_257,1,0_6,5.40616458502,-9999.0,-9999.0,-9999.0,40.4850006104,240.995633016394,79.159588505076,270541.59,659334.03,36,20,40.485
NS75NW_260,1,0_6,6.07940031042,-9999.0,-9999.0,-9999.0,41.4029998779,151.732139266042,54.5191272487071,270585.44,659321.6,36,20,41.403
NS75NW_261,1,0_6,6.07417290934,-9999.0,-9999.0,-9999.0,41.9459991455,140.932767546625,51.3546447315384,270597.83,659318.85,20,12,41.946
NS75NW_263,1,0_6,5.49821187676,-9999.0,-9999.0,-9999.0,40.5069999695,258.356415169527,78.3560664221613,270534.96,659317.63,36,20,40.507
NS75NW_264,1,0_6,3.39726794311,-9999.0,-9999.0,-9999.0,40.6399993896,318.076350711522,100.119935227164,270474.79,659319.13,36,20,40.64
NS75NW_265,1,0_6,6.12793457508,-9999.0,-9999.0,-9999.0,42.436000824,152.983941362622,53.9055302369686,270611.2,659315.59,28,16,42.436
NS75NW_273,1,0_6,5.38683462685,-9999.0,-9999.0,-9999.0,40.8619995117,252.083529548798,83.5645530926729,270529.99,659302.09,68,36,40.862
NS75NW_277,1,0_6,6.08112938311,-9999.0,-9999.0,-9999.0,42.3689994812,139.654120337011,51.1104083787849,270575.32,659295.12,20,12,42.369
NS75NW_279,1,0_6,5.62606842442,-9999.0,-9999.0,-9999.0,41.3759994507,461.659353446045,156.217988421381,270431.56,659309.77,60,32,41.376
NS75NW_280,1,0_6,6.24555411914,-9999.0,-9999.0,-9999.0,42.6459999084,148.445938097176,54.1828754533172,270587.77,659291.51,36,20,42.646
NS75NW_286,1,0_6,6.07866974723,-9999.0,-9999.0,-9999.0,43.1619987488,137.812105104022,50.6973748774469,270601.23,659286.19,20,12,43.162
NS75NW_291,1,0_6,5.98054316304,-9999.0,-9999.0,-9999.0,42.0904998779,438.175222429361,156.92228170732,270408.12,659294.15,68,36,42.09
NS75NW_295,1,0_6,6.50847685233,-9999.0,-9999.0,-9999.0,43.0180015564,172.436525521387,57.5249458725732,270624.65,659273.13,28,16,43.018
NS75NW_296,1,0_6,3.41343975021,-9999.0,-9999.0,-9999.0,41.0480003357,539.663967803108,161.829390846211,270513.68,659276.57,76,40,41.048
NS75NW_300,1,0_6,3.40870971131,-9999.0,-9999.0,-9999.0,42.1440010071,72.4621497990485,35.3155738792599,270452.27,659263.99,20,12,42.144
NS75NW_301,1,0_6,3.53820660812,-9999.0,-9999.0,-9999.0,41.7610015869,137.767646524964,50.4566588857833,270465.21,659265.65,28,16,41.761
NS75NW_304,1,0_6,6.20914956975,-9999.0,-9999.0,-9999.0,42.8219985962,149.421307360059,52.6598741876867,270567.16,659261.86,20,12,42.822
NS75NW_306,1,0_6,3.47433212005,-9999.0,-9999.0,-9999.0,42.5519981384,89.9880187383212,40.7818970212258,270440.62,659257.42,20,12,42.552
NS75NW_308,1,0_6,6.12257822739,-9999.0,-9999.0,-9999.0,42.9319992065,136.938158490623,50.8777808311255,270579.22,659257.09,20,12,42.932
NS75NW_311,1,0_6,6.1785583283,-9999.0,-9999.0,-9999.0,42.8769989014,137.574047390019,50.9235290686362,270591.61,659252.45,20,12,42.877
NS75NW_312,1,0_6,6.08845843021,-9999.0,-9999.0,-9999.0,42.7179985046,135.969681804294,50.7949035665124,270603.2,659248.69,20,12,42.718
NS75NW_315,1,0_6,5.94200039676,-9999.0,-9999.0,-9999.0,42.733001709,296.105587833876,95.5195790062348,270622.61,659241.72,52,28,42.733
NS75NW_316,1,0_6,3.30650331195,-9999.0,-9999.0,-9999.0,41.9879989624,192.178913044306,67.9040659646997,270485.83,659237.57,24,14,41.988
NS75NW_317,1,0_6,6.17856614486,-9999.0,-9999.0,-9999.0,42.9659996033,179.219525421564,71.3658464628649,270435.67,659242.57,12,8,42.966
NS75NW_327,1,0_6,3.43359402146,-9999.0,-9999.0,-9999.0,42.5559997559,71.5410988437908,33.9613188191379,270585.88,659218.11,12,8,42.556
NS75NW_330,1,0_6,3.41988159628,-9999.0,-9999.0,-9999.0,42.6100006104,39.9021915285503,41.1522758577054,270574.6,659208.37,28,16,42.61
NS75NW_335,1,0_6,3.40565287042,-9999.0,-9999.0,-9999.0,42.863445282,59.5415137587152,31.7682332209675,270562.49,659197.84,12,8,42.863
NS75NW_338,1,0_6,3.37082263402,-9999.0,-9999.0,-9999.0,43.0989990234,70.1836162482852,34.1802959467602,270550.54,659189.21,12,8,43.099
NS75NW_339,1,0_6,5.81176784736,-9999.0,-9999.0,-9999.0,42.78099823,348.523637122217,104.414173463581,270599.84,659198.36,52,28,42.781
NS75NW_343,1,0_6,3.48630919074,-9999.0,-9999.0,-9999.0,43.4300003052,71.5215937426231,34.2430107079294,270535.66,659178.0,12,8,43.43
NS75NW_350,1,0_6,5.75719159885,-9999.0,-9999.0,-9999.0,42.9570007324,250.200940574642,74.5356481227711,270613.17,659167.35,12,8,42.957
NS75NW_360,1,0_6,3.58961404359,-9999.0,-9999.0,-9999.0,44.3310012817,117.764160034125,60.1663234287052,270525.85,659150.01,36,20,44.331
NS75NW_368,1,0_6,5.79889388159,-9999.0,-9999.0,-9999.0,43.4328765869,460.556397493998,128.642791333292,270550.58,659152.99,36,20,43.433
NS75NW_390,1,0_6,3.5025930249,-9999.0,-9999.0,-9999.0,43.5439987183,619.379858948847,165.246334851315,270607.15,659130.43,48,26,43.544
NS75NW_401,1,0_6,5.2934485585,-9999.0,-9999.0,-9999.0,44.3800010681,502.745381748766,168.28215775869,270560.47,659107.51,76,40,44.38
NS75NW_405,1,0_6,3.56101859281,-9999.0,-9999.0,-9999.0,45.1010017395,72.7065519508672,34.1905254301359,270602.32,659088.3,12,8,45.101
NS75NW_416,1,0_6,4.81289259668,-9999.0,-9999.0,-9999.0,44.875,449.408067097275,159.590373605197,270576.8,659088.23,76,40,44.875
NS75NW_428,1,0_6,5.94117400122,-9999.0,-9999.0,-9999.0,45.9189987183,229.685719687728,79.3946847819769,270614.71,659052.23,24,16,45.919
NS75NW_10,1,0_7,6.40358189174,-9999.0,-9999.0,-9999.0,41.5709991455,94.8885788436369,38.9950731922192,270082.99,659985.45,12,8,41.571
NS75NW_100,1,0_7,5.43746384937,-9999.0,-9999.0,-9999.0,38.7779998779,410.500694602368,114.854885859715,270517.3,659746.63,92,48,38.778
NS75NW_101,1,0_7,4.38662849823,-9999.0,-9999.0,-9999.0,38.8120002747,43.6674104302269,34.5468666032868,270405.64,659733.32,12,8,38.812
NS75NW_103,1,0_7,4.48128431897,-9999.0,-9999.0,-9999.0,38.8199996948,44.8171171847136,34.9510005572044,270407.86,659728.72,12,8,38.82
NS75NW_105,1,0_7,5.61548446745,-9999.0,-9999.0,-9999.0,40.6049995422,221.556274525905,67.7647064275062,270580.26,659731.7,44,24,40.605
NS75NW_107,1,0_7,5.20753308635,-9999.0,-9999.0,-9999.0,40.3100013733,284.34061670522,110.073424161788,270559.51,659730.42,56,30,40.31
NS75NW_108,1,0_7,4.78920814646,-9999.0,-9999.0,-9999.0,38.8120002747,236.537937138015,64.5794665265849,270187.05,659728.49,20,12,38.812
NS75NW_11,1,0_7,6.14443131298,-9999.0,-9999.0,-9999.0,41.986000061,98.0443864421192,39.6088571922257,270044.91,659981.4,12,8,41.986
NS75NW_111,1,0_7,7.81745717731,-9999.0,-9999.0,-9999.0,38.8300094604,1447.06613717305,176.409346682711,270237.1,659740.64,44,24,38.83
NS75NW_112,1,0_7,5.1353309455,-9999.0,-9999.0,-9999.0,40.1122512817,123.294527872403,50.0712638443736,270490.52,659721.08,28,16,40.112
NS75NW_113,1,0_7,4.70373950724,-9999.0,-9999.0,-9999.0,39.2949981689,96.8522737954396,64.1447702844337,270449.13,659724.15,20,12,39.295
NS75NW_115,1,0_7,5.59351180321,-9999.0,-9999.0,-9999.0,40.4729995728,100.243350504304,42.2833658877346,270484.52,659711.47,20,12,40.473
NS75NW_117,1,0_7,2.13668362599,-9999.0,-9999.0,-9999.0,41.8269996643,32.0216929890022,24.0992236273511,270066.77,659702.95,12,8,41.827
NS75NW_119,1,0_7,5.85640211116,-9999.0,-9999.0,-9999.0,40.9319992065,227.052349454685,68.9318963650831,270580.65,659699.29,28,16,40.932
NS75NW_12,1,0_7,6.42471745226,-9999.0,-9999.0,-9999.0,41.5040016174,90.6236741591974,38.223729568014,270091.12,659976.39,12,8,41.504
NS75NW_121,1,0_7,5.54804178316,-9999.0,-9999.0,-9999.0,40.7340011597,334.944801641135,89.9685229247014,270557.41,659696.55,56,30,40.734
NS75NW_122,1,0_7,2.57651901245,-9999.0,-9999.0,-9999.0,40.7680015564,28.5075074969597,24.5990747810009,270567.51,659679.75,8,6,40.768
NS75NW_123,1,0_7,6.30802327121,-9999.0,-9999.0,-9999.0,41.547000885,711.652937119789,113.116774299373,270046.99,659692.65,20,12,41.547
NS75NW_124,1,0_7,5.41430454981,-9999.0,-9999.0,-9999.0,40.3619995117,409.798803876836,141.658749179552,270471.43,659691.9,88,46,40.362
NS75NW_125,1,0_7,5.42313268597,-9999.0,-9999.0,-9999.0,40.0740013123,634.356517135238,167.398752695053,270520.42,659700.51,104,54,40.074
NS75NW_127,1,0_7,5.27534476498,-9999.0,-9999.0,-9999.0,40.6500015259,933.289453454958,306.63890205359,270605.57,659710.28,228,116,40.65
NS75NW_128,1,0_7,6.73101893021,-9999.0,-9999.0,-9999.0,40.7509994507,2299.4876929378,306.629472260518,270093.67,659703.53,192,98,40.751
NS75NW_129,1,0_7,4.88423389342,-9999.0,-9999.0,-9999.0,40.6529998779,160.482538109827,59.8819838865616,270499.08,659675.96,36,20,40.653
NS75NW_131,1,0_7,5.63925240619,-9999.0,-9999.0,-9999.0,40.952999115,96.8034952204216,41.6176111562501,270576.02,659671.2,20,12,40.953
NS75NW_132,1,0_7,5.03782140798,-9999.0,-9999.0,-9999.0,41.0429992676,125.802786755131,48.6547929165371,270586.57,659671.98,20,12,41.043
NS75NW_133,1,0_7,5.42045856895,-9999.0,-9999.0,-9999.0,40.6279983521,97.3253008327305,41.6977579712687,270523.93,659668.53,20,12,40.628
NS75NW_134,1,0_7,5.6451326866,-9999.0,-9999.0,-9999.0,41.0760002136,118.964116023159,44.1842544898174,270602.34,659661.89,20,12,41.076
NS75NW_135,1,0_7,5.44193461627,-9999.0,-9999.0,-9999.0,39.1059989929,260.415263374538,100.704012577502,270455.66,659660.35,76,40,39.106
NS75NW_136,1,0_7,5.1760780266,-9999.0,-9999.0,-9999.0,40.1520004272,114.28155539292,49.2967124474713,270469.7,659652.33,28,16,40.152
NS75NW_138,1,0_7,5.15245166988,-9999.0,-9999.0,-9999.0,40.4259986877,229.955895555958,75.4961147098091,270485.06,659648.2,48,26,40.426
NS75NW_139,1,0_7,5.25919140735,-9999.0,-9999.0,-9999.0,40.5149993896,107.925780921423,47.4165526615221,270499.3,659641.18,28,16,40.515
NS75NW_140,1,0_7,5.62699775106,-9999.0,-9999.0,-9999.0,40.6609992981,98.8108047110376,42.1456675675035,270510.01,659639.59,20,12,40.661
NS75NW_141,1,0_7,5.36784684686,-9999.0,-9999.0,-9999.0,40.5839996338,111.083866223255,46.8643936170808,270522.57,659637.39,28,16,40.584
NS75NW_142,1,0_7,4.94427720227,-9999.0,-9999.0,-9999.0,40.6899986267,125.251457375461,48.7761991550314,270533.06,659636.91,20,12,40.69
NS75NW_143,1,0_7,5.43761766022,-9999.0,-9999.0,-9999.0,40.8149986267,489.050410860497,137.597128620951,270565.86,659633.2,80,42,40.815
NS75NW_144,1,0_7,4.80065264715,-9999.0,-9999.0,-9999.0,41.4199981689,388.311189397539,109.846396387572,270613.08,659622.54,44,24,41.42
NS75NW_147,1,0_7,5.6748868227,-9999.0,-9999.0,-9999.0,41.2589988708,41.3487975011566,26.3994815010838,270092.97,659588.7,12,8,41.259
NS75NW_149,1,0_7,6.09340144082,-9999.0,-9999.0,-9999.0,41.1349983215,242.791951201156,75.7094574001616,270111.64,659593.31,28,16,41.135
NS75NW_150,1,0_7,6.61372489633,-9999.0,-9999.0,-9999.0,40.3230018616,205.397248037872,67.8034661105725,270171.33,659578.51,20,12,40.323
NS75NW_151,1,0_7,5.09759529856,-9999.0,-9999.0,-9999.0,39.1759986877,2768.57801591797,315.641247962335,270446.09,659597.25,84,44,39.176
NS75NW_152,1,0_7,6.2931346252,-9999.0,-9999.0,-9999.0,40.7210006714,210.736117475289,67.4664563599153,270202.76,659574.56,12,8,40.721
NS75NW_153,1,0_7,6.5284327621,-9999.0,-9999.0,-9999.0,40.3759994507,203.649611027667,66.539174131485,270140.47,659571.19,12,8,40.376
NS75NW_154,1,0_7,5.23096092861,-9999.0,-9999.0,-9999.0,41.4290008545,637.098133367138,167.337721348662,270581.34,659583.76,76,40,41.429
NS75NW_155,1,0_7,5.55579167039,-9999.0,-9999.0,-9999.0,40.8619995117,274.540685510509,82.1609425670545,270229.92,659562.95,20,12,40.862
NS75NW_156,1,0_7,2.46759765667,-9999.0,-9999.0,-9999.0,40.5473823547,93.251014462026,43.5213754255615,270371.95,659556.77,12,8,40.547
NS75NW_158,1,0_7,3.56579131922,-9999.0,-9999.0,-9999.0,40.5449981689,123.25245650433,46.7653963969274,270293.93,659554.5,12,8,40.545
NS75NW_159,1,0_7,6.30988330935,-9999.0,-9999.0,-9999.0,42.1429977417,635.75726808861,144.13221701988,270621.43,659566.67,44,24,42.143
NS75NW_16,1,0_7,6.14936032104,-9999.0,-9999.0,-9999.0,42.1930007935,99.9432022120687,40.6856890683011,270030.34,659967.87,20,12,42.193
NS75NW_161,1,0_7,6.01722634154,-9999.0,-9999.0,-9999.0,41.1240005493,249.690436108159,82.4923691190259,270182.11,659543.95,36,20,41.124
NS75NW_163,1,0_7,5.82842146576,-9999.0,-9999.0,-9999.0,40.8699989319,245.236707221161,79.4948659904043,270151.01,659541.41,44,24,40.87
NS75NW_164,1,0_7,5.72755798119,-9999.0,-9999.0,-9999.0,40.7294006348,264.306441091971,78.4444742523686,270346.13,659544.57,20,12,40.729
NS75NW_165,1,0_7,6.44787753262,-9999.0,-9999.0,-9999.0,41.3979988098,204.638235869263,67.2308364967938,270212.16,659535.19,12,8,41.398
NS75NW_166,1,0_7,6.70741633241,-9999.0,-9999.0,-9999.0,40.6450004578,206.839222831087,67.2542144792107,270251.84,659536.87,12,8,40.645
NS75NW_169,1,0_7,5.65587489213,-9999.0,-9999.0,-9999.0,40.3349990845,320.801153243836,94.3923913467454,270373.39,659529.05,28,16,40.335
NS75NW_17,1,0_7,6.317697559,-9999.0,-9999.0,-9999.0,41.6310005188,103.698724481855,40.8151373464841,270066.74,659962.71,12,8,41.631
NS75NW_170,1,0_7,5.78132910378,-9999.0,-9999.0,-9999.0,39.5559997559,370.763555251739,100.55239743399,270305.35,659525.59,20,12,39.556
NS75NW_172,1,0_7,5.56284370851,-9999.0,-9999.0,-9999.0,41.1290016174,299.156256527494,97.2321479691046,270228.79,659508.41,52,28,41.129
NS75NW_173,1,0_7,5.72841185725,-9999.0,-9999.0,-9999.0,39.9570007324,317.014827372287,91.6000406788012,270390.31,659509.09,20,12,39.957
NS75NW_175,1,0_7,6.15541491261,-9999.0,-9999.0,-9999.0,41.6920013428,218.051032912562,72.9922947694319,270197.2,659492.81,28,16,41.692
NS75NW_176,1,0_7,5.72362552197,-9999.0,-9999.0,-9999.0,40.0239982605,501.691631256608,136.876063130351,270314.27,659500.56,28,16,40.024
NS75NW_178,1,0_7,2.40089660192,-9999.0,-9999.0,-9999.0,40.3192481995,94.9534305232677,43.687642742499,270320.82,659483.55,12,8,40.319
NS75NW_179,1,0_7,5.82178098002,-9999.0,-9999.0,-9999.0,39.7840003967,318.126291335795,91.0114602311166,270405.7,659489.65,20,12,39.784
NS75NW_18,1,0_7,6.10415119494,-9999.0,-9999.0,-9999.0,41.5219993591,160.619201679276,52.6820539160304,270101.34,659964.13,12,8,41.522
NS75NW_181,1,0_7,7.0654875919,-9999.0,-9999.0,-9999.0,41.7529983521,1804.86546830602,328.552205711103,270577.05,659502.24,208,104,41.753
NS75NW_182,1,0_7,6.80988455593,-9999.0,-9999.0,-9999.0,40.5849990845,421.976211716973,120.157860169142,270265.55,659494.8,12,8,40.585
NS75NW_184,1,0_7,6.43823024271,-9999.0,-9999.0,-9999.0,41.2089996338,215.487375508835,68.0859385896899,270239.51,659477.46,12,8,41.209
NS75NW_185,1,0_7,2.4205311976,-9999.0,-9999.0,-9999.0,42.4090003967,40.9393363792287,30.7417174022108,270561.41,659467.99,12,8,42.409
NS75NW_186,1,0_7,6.03917081618,-9999.0,-9999.0,-9999.0,40.5880012512,399.310183489286,101.178241089938,270361.73,659479.37,12,8,40.588
NS75NW_188,1,0_7,5.93110108324,-9999.0,-9999.0,-9999.0,39.8209991455,353.647735078352,90.5576083318925,270422.18,659468.46,12,8,39.821
NS75NW_19,1,0_7,6.11463257194,-9999.0,-9999.0,-9999.0,42.3260002136,121.937192090184,44.8331168023519,270023.6,659956.87,20,12,42.326
NS75NW_194,1,0_7,6.17217065977,-9999.0,-9999.0,-9999.0,40.0870018005,238.6077797507,80.3760801326472,270277.02,659449.39,44,24,40.087
NS75NW_196,1,0_7,5.94930703299,-9999.0,-9999.0,-9999.0,40.7900009155,285.67180956563,78.1969624454763,270352.0,659444.74,12,8,40.79
NS75NW_197,1,0_7,2.3088684082,-9999.0,-9999.0,-9999.0,40.5019989014,125.64348786909,47.8568648504987,270414.01,659429.92,20,12,40.502
NS75NW_199,1,0_7,5.79297466134,-9999.0,-9999.0,-9999.0,40.46900177,404.425007708855,110.41636935886,270378.1,659430.13,12,8,40.469
NS75NW_2,1,0_7,2.32665856893,-9999.0,-9999.0,-9999.0,40.6759986877,39.7310099979072,26.0093271189442,270118.24,659996.85,12,8,40.676
NS75NW_20,1,0_7,6.19522866895,-9999.0,-9999.0,-9999.0,41.7690010071,96.5308621931829,39.3065318009426,270059.58,659952.28,12,8,41.769
NS75NW_200,1,0_7,5.76817009812,-9999.0,-9999.0,-9999.0,40.483001709,361.961148365225,99.438041259788,270325.48,659428.5,12,8,40.483
NS75NW_201,1,0_7,6.68411119712,-9999.0,-9999.0,-9999.0,40.0719985962,197.4764105599,67.4431719412126,270280.77,659418.99,28,16,40.072
NS75NW_202,1,0_7,3.24166516835,-9999.0,-9999.0,-9999.0,42.8129997253,52.1173649897417,29.0015830936837,270611.55,659409.75,12,8,42.813
NS75NW_209,1,0_7,6.00911106305,-9999.0,-9999.0,-9999.0,41.1080474854,202.792085348257,64.3509648410752,270325.63,659393.4,12,8,41.108
NS75NW_21,1,0_7,6.28207685382,-9999.0,-9999.0,-9999.0,41.672000885,98.3823704302299,39.9179149099763,270114.94,659951.87,12,8,41.672
NS75NW_210,1,0_7,6.26417327964,-9999.0,-9999.0,-9999.0,40.7350006104,424.048663726302,96.1399440939603,270560.58,659396.89,28,16,40.735
NS75NW_211,1,0_7,6.09753189644,-9999.0,-9999.0,-9999.0,42.84400177,143.327936617556,49.3970505029303,270609.71,659390.71,12,8,42.844
NS75NW_212,1,0_7,5.81989033473,-9999.0,-9999.0,-9999.0,40.5699996948,491.215300309276,129.71777608522,270382.91,659401.63,16,10,40.57
NS75NW_218,1,0_7,6.46614024643,-9999.0,-9999.0,-9999.0,42.8170013428,179.185144869521,54.672332491537,270620.96,659381.57,24,14,42.817
NS75NW_226,1,0_7,3.37452851937,-9999.0,-9999.0,-9999.0,40.5379981995,443.723306806327,116.811185679323,270441.13,659383.72,36,20,40.538
NS75NW_23,1,0_7,5.48174072714,-9999.0,-9999.0,-9999.0,42.4010009766,136.934387513317,49.6901611965367,270014.73,659942.99,20,12,42.401
NS75NW_25,1,0_7,6.36091346258,-9999.0,-9999.0,-9999.0,41.5859985352,103.933792764532,40.8309299554587,270080.86,659942.04,12,8,41.586
NS75NW_26,1,0_7,6.27458678182,-9999.0,-9999.0,-9999.0,41.7890014648,98.1892861311039,39.6740642211074,270122.34,659941.52,12,8,41.789
NS75NW_27,1,0_7,6.11882213924,-9999.0,-9999.0,-9999.0,41.8170013428,119.284594760926,43.8528144416614,270053.08,659941.25,16,10,41.817
NS75NW_28,1,0_7,4.62914950848,-9999.0,-9999.0,-9999.0,40.9210014343,41.2771319940221,32.3885714392274,270522.11,659939.06,12,8,40.921
NS75NW_29,1,0_7,6.3388785007,-9999.0,-9999.0,-9999.0,41.7109985352,105.950487459769,42.9756229642341,270091.51,659934.41,20,12,41.711
NS75NW_30,1,0_7,6.13442677274,-9999.0,-9999.0,-9999.0,42.7019996643,107.674755549302,42.2246009020936,270008.25,659933.02,12,8,42.702
NS75NW_31,1,0_7,6.33378117741,-9999.0,-9999.0,-9999.0,41.7649993896,95.6045887148062,39.1115602276797,270130.93,659932.2,12,8,41.765
NS75NW_32,1,0_7,4.07307340866,-9999.0,-9999.0,-9999.0,40.7910003662,75.3465894355578,48.0154983521534,270503.4,659931.76,52,28,40.791
NS75NW_33,1,0_7,4.13455663211,-9999.0,-9999.0,-9999.0,41.0159988403,75.0191967447881,40.1938713824465,270486.97,659929.49,20,12,41.016
NS75NW_34,1,0_7,6.17999617821,-9999.0,-9999.0,-9999.0,42.061000824,116.230199823766,43.2675745613897,270044.51,659928.88,12,8,42.061
NS75NW_36,1,0_7,6.83389752633,-9999.0,-9999.0,-9999.0,40.4160003662,2453.61811966288,235.265399021049,270210.46,659949.01,84,44,40.416
NS75NW_37,1,0_7,6.44178774953,-9999.0,-9999.0,-9999.0,42.9840011597,69.1761373243293,35.1002398579202,270003.13,659922.95,12,8,42.984
NS75NW_38,1,0_7,6.1836160568,-9999.0,-9999.0,-9999.0,41.7550010681,97.6079114427843,39.5597127851474,270076.68,659921.19,12,8,41.755
NS75NW_39,1,0_7,6.2742302127,-9999.0,-9999.0,-9999.0,41.6829986572,95.5635907085754,39.1330716829611,270106.88,659920.33,12,8,41.683
NS75NW_40,1,0_7,6.28732377739,-9999.0,-9999.0,-9999.0,42.4399986267,96.0190896787941,39.1960933424191,270036.42,659918.92,12,8,42.44
NS75NW_42,1,0_7,6.23422568667,-9999.0,-9999.0,-9999.0,41.8660011292,116.325239929062,43.3066872641237,270068.93,659911.07,12,8,41.866
NS75NW_43,1,0_7,6.22250108045,-9999.0,-9999.0,-9999.0,42.8470001221,102.08392473996,42.3103937834635,270028.57,659908.36,20,12,42.847
NS75NW_45,1,0_7,5.54334540188,-9999.0,-9999.0,-9999.0,41.5830001831,291.030519767321,122.201026524999,270107.31,659904.85,68,36,41.583
NS75NW_46,1,0_7,6.28038212818,-9999.0,-9999.0,-9999.0,42.7000007629,107.534423287058,41.4965679468287,270049.87,659897.29,12,8,42.7
NS75NW_47,1,0_7,6.32761712267,-9999.0,-9999.0,-9999.0,40.1959991455,2481.38461053926,230.920295928747,270329.8,659917.67,84,44,40.196
NS75NW_48,1,0_7,2.94377837862,-9999.0,-9999.0,-9999.0,40.3530006409,89.5204338555537,40.5667496946147,270553.05,659894.59,28,16,40.353
NS75NW_49,1,0_7,6.41281603923,-9999.0,-9999.0,-9999.0,39.4119987488,5962.54157292682,422.688473240689,270592.09,659938.81,196,100,39.412
NS75NW_5,1,0_7,6.52165484211,-9999.0,-9999.0,-9999.0,42.0550003052,85.2937722532685,37.0163368251516,270013.85,659994.88,12,8,42.055
NS75NW_50,1,0_7,5.98773921351,-9999.0,-9999.0,-9999.0,42.9889984131,163.269992538169,52.8659049889658,270009.29,659891.7,12,8,42.989
NS75NW_52,1,0_7,6.39566498604,-9999.0,-9999.0,-9999.0,42.547000885,100.376255759752,40.1281414835826,270060.32,659890.05,12,8,42.547
NS75NW_53,1,0_7,6.26046558849,-9999.0,-9999.0,-9999.0,41.9319992065,104.703311292059,40.9654083909639,270084.05,659883.97,12,8,41.932
NS75NW_54,1,0_7,6.34393279297,-9999.0,-9999.0,-9999.0,43.0,90.7719642008484,38.2281065100692,270020.9,659881.31,12,8,43.0
NS75NW_55,1,0_7,2.44632031241,-9999.0,-9999.0,-9999.0,41.4970016479,94.6081527367624,39.2532389567069,270281.83,659879.36,12,8,41.497
NS75NW_57,1,0_7,6.2687802839,-9999.0,-9999.0,-9999.0,41.7140007019,99.4685404175067,39.8963302705407,270094.67,659877.43,12,8,41.714
NS75NW_58,1,0_7,5.40193490584,-9999.0,-9999.0,-9999.0,40.358001709,534.93202398313,107.951762424941,270155.58,659895.45,84,44,40.358
NS75NW_59,1,0_7,5.49715230888,-9999.0,-9999.0,-9999.0,40.7070007324,546.053022795797,94.2761894302254,270224.9,659875.59,20,12,40.707
NS75NW_6,1,0_7,6.31488426208,-9999.0,-9999.0,-9999.0,41.6640014648,91.3374552584831,38.8384972329593,270074.73,659994.94,20,12,41.664
NS75NW_60,1,0_7,4.72493596758,-9999.0,-9999.0,-9999.0,41.0950012207,35.5566529325025,28.8067926280866,270495.68,659852.16,12,8,41.095
NS75NW_61,1,0_7,6.07950243346,-9999.0,-9999.0,-9999.0,40.3429985046,478.853376068573,118.333842996251,270189.93,659854.52,52,28,40.343
NS75NW_64,1,0_7,4.7748680184,-9999.0,-9999.0,-9999.0,40.2200012207,416.522076797668,85.8541211722157,270176.62,659830.77,28,16,40.22
NS75NW_65,1,0_7,5.42554212953,-9999.0,-9999.0,-9999.0,40.8660011292,435.100281848267,92.9698169276495,270109.08,659831.5,44,24,40.866
NS75NW_67,1,0_7,4.77422998912,-9999.0,-9999.0,-9999.0,41.3009986877,51.2667780276193,38.8508855337608,270340.7,659817.37,12,8,41.301
NS75NW_68,1,0_7,6.16714232253,-9999.0,-9999.0,-9999.0,40.0130004883,4805.68162698158,688.343069270215,270501.39,659867.37,388,196,40.013
NS75NW_7,1,0_7,6.23314088324,-9999.0,-9999.0,-9999.0,41.9239997864,100.115813246027,40.2929924250129,270034.64,659988.18,16,10,41.924
NS75NW_70,1,0_7,7.25274931573,-9999.0,-9999.0,-9999.0,40.9370002747,968.552619928983,139.024256693779,270296.23,659825.62,36,20,40.937
NS75NW_75,1,0_7,4.75197179306,-9999.0,-9999.0,-9999.0,41.2309989929,52.3236264383573,38.9544501373259,270347.69,659798.36,12,8,41.231
NS75NW_77,1,0_7,5.92441504397,-9999.0,-9999.0,-9999.0,40.9930000305,5016.97631672912,360.389081771709,270372.1,659833.74,92,48,40.993
NS75NW_8,1,0_7,2.94510526172,-9999.0,-9999.0,-9999.0,40.8930015564,59.8988273547176,34.8565957964351,270444.06,659985.94,12,8,40.893
NS75NW_80,1,0_7,4.87790223388,-9999.0,-9999.0,-9999.0,38.1020011902,215.946623952823,73.8543917531818,270570.68,659792.57,36,20,38.102
NS75NW_81,1,0_7,3.3944880667,-9999.0,-9999.0,-9999.0,40.408000946,438.943186813494,133.688218963481,270502.97,659791.95,68,36,40.408
NS75NW_82,1,0_7,4.34900028551,-9999.0,-9999.0,-9999.0,40.1730003357,106.994091426567,42.5545977014105,270418.09,659776.97,20,12,40.173
NS75NW_83,1,0_7,3.00085484896,-9999.0,-9999.0,-9999.0,40.2150001526,38.6496548379117,27.3611490401847,270485.9,659769.32,12,8,40.215
NS75NW_84,1,0_7,6.13730653536,-9999.0,-9999.0,-9999.0,40.5110015869,1894.06146386523,182.734385133066,270213.1,659784.08,28,16,40.511
NS75NW_85,1,0_7,4.22109646813,-9999.0,-9999.0,-9999.0,39.5750007629,175.433516782797,59.9145250189814,270417.98,659762.5,44,24,39.575
NS75NW_86,1,0_7,4.99558655504,-9999.0,-9999.0,-9999.0,40.4539985657,153.228607818519,67.8810742603643,270620.75,659763.72,44,24,40.454
NS75NW_88,1,0_7,5.46318376308,-9999.0,-9999.0,-9999.0,40.1129989624,100.523829923617,42.4685098071059,270577.64,659756.07,20,12,40.113
NS75NW_89,1,0_7,5.83995587269,-9999.0,-9999.0,-9999.0,40.4869995117,111.54966181739,43.2096048382589,270607.12,659754.44,20,12,40.487
NS75NW_9,1,0_7,6.31411813573,-9999.0,-9999.0,-9999.0,42.3629989624,94.0476173022768,38.824400763378,270006.53,659985.47,12,8,42.363
NS75NW_91,1,0_7,5.02811886046,-9999.0,-9999.0,-9999.0,40.1650009155,153.874278262674,54.9731891854612,270564.96,659751.1,28,16,40.165
NS75NW_94,1,0_7,6.53518522057,-9999.0,-9999.0,-9999.0,41.4949989319,1081.09063780909,147.703817531975,270136.77,659760.56,36,20,41.495
NS75NW_95,1,0_7,4.51575019341,-9999.0,-9999.0,-9999.0,40.3230018616,135.661637765473,47.4733299663886,270298.5,659746.01,12,8,40.323
NS75NW_96,1,0_7,4.05104979469,-9999.0,-9999.0,-9999.0,39.1319999695,63.6893251389853,49.5149419015574,270424.88,659742.46,36,20,39.132
NS75NW_97,1,0_7,4.64450027159,-9999.0,-9999.0,-9999.0,39.7270011902,40.2271482158162,38.8783280728588,270463.61,659743.01,20,12,39.727
NS75NW_99,1,0_7,4.5317417372,-9999.0,-9999.0,-9999.0,38.7350006104,83.9906500780246,40.1255581258466,270402.86,659738.44,12,8,38.735
NS75NW_520,1,1_5,2.52742337018,-9999.0,-9999.0,-9999.0,26.8799991608,43.0629225000082,29.9640040862757,270939.12,658741.42,12,8,26.88
NS75NW_521,1,1_5,5.40123999779,-9999.0,-9999.0,-9999.0,35.3160018921,163.237969937397,84.9144223107001,270856.03,658744.55,60,32,35.316
NS75NW_522,1,1_5,5.76736506185,-9999.0,-9999.0,-9999.0,33.7350006104,158.078021054277,50.3109341243719,270888.23,658734.39,12,8,33.735
NS75NW_524,1,1_5,3.89944921597,-9999.0,-9999.0,-9999.0,28.1790008545,299.09351619784,99.6017977626953,270916.17,658712.87,84,44,28.179
NS75NW_525,1,1_5,3.90636334446,-9999.0,-9999.0,-9999.0,25.1669998169,281.369743785504,83.8007058741951,270997.23,658702.77,20,12,25.167
NS75NW_526,1,1_5,6.68067607986,-9999.0,-9999.0,-9999.0,25.4580001831,282.042086005669,81.539243665466,270971.44,658696.84,20,12,25.458
NS75NW_527,1,1_5,6.8654459921,-9999.0,-9999.0,-9999.0,25.3330001831,287.107340463483,72.0137638907013,270990.8,658674.11,28,16,25.333
NS75NW_528,1,1_5,5.44643683414,-9999.0,-9999.0,-9999.0,33.6290016174,395.370978483526,101.506759025554,270893.29,658680.46,60,32,33.629
NS75NW_531,1,1_5,5.86410686305,-9999.0,-9999.0,-9999.0,33.2220001221,172.796788021249,59.6056470405576,270906.76,658639.78,36,20,33.222
NS75NW_532,1,1_5,4.12665202646,-9999.0,-9999.0,-9999.0,25.9500007629,1051.95663595403,326.453697574779,270931.99,658664.32,236,120,25.95
NS75NW_538,1,1_5,3.84574342984,-9999.0,-9999.0,-9999.0,26.7380008698,185.674361246728,77.473288641704,270942.87,658617.07,52,28,26.738
NS75NW_539,1,1_5,3.679830072,-9999.0,-9999.0,-9999.0,28.9130001068,209.226688779529,73.207787054447,270937.13,658592.95,44,24,28.913
NS75NW_220,1,1_6,5.9543564697,-9999.0,-9999.0,-9999.0,42.7379989624,64.3737972808977,32.2292153441264,270734.33,659373.04,12,8,42.738
NS75NW_221,1,1_6,4.7720769342,-9999.0,-9999.0,-9999.0,43.1850013733,101.545461798725,40.325062405532,270859.95,659372.96,12,8,43.185
NS75NW_222,1,1_6,2.54052233105,-9999.0,-9999.0,-9999.0,43.1479988098,32.4371287543467,23.3195255898465,270873.46,659369.92,12,8,43.148
NS75NW_224,1,1_6,4.89445789655,-9999.0,-9999.0,-9999.0,42.1829986572,100.107610083799,41.958469087165,270778.78,659371.16,12,8,42.183
NS75NW_225,1,1_6,5.4346623397,-9999.0,-9999.0,-9999.0,42.4980010986,161.491382492946,54.4051146908268,270749.98,659369.91,28,16,42.498
NS75NW_227,1,1_6,5.62227790696,-9999.0,-9999.0,-9999.0,42.2879981995,145.96654539187,51.9353491916429,270766.13,659370.9,20,12,42.288
NS75NW_228,1,1_6,6.32378016803,-9999.0,-9999.0,-9999.0,42.5419998169,143.082095952865,53.5490223849879,270648.16,659370.15,36,20,42.542
NS75NW_233,1,1_6,5.74415219625,-9999.0,-9999.0,-9999.0,42.5979995728,152.422409598738,58.5533195949296,270657.34,659362.31,44,24,42.598
NS75NW_234,1,1_6,4.66660530155,-9999.0,-9999.0,-9999.0,43.4000015259,121.09010538699,44.150866897939,270864.43,659360.4,12,8,43.4
NS75NW_235,1,1_6,3.36787055283,-9999.0,-9999.0,-9999.0,42.3899993896,47.9022750008153,27.7709166047342,270642.08,659352.22,12,8,42.39
NS75NW_236,1,1_6,6.13211615611,-9999.0,-9999.0,-9999.0,42.6010017395,137.265140456778,50.5457485382448,270666.97,659353.81,20,12,42.601
NS75NW_238,1,1_6,5.32968698484,-9999.0,-9999.0,-9999.0,43.0629997253,110.318469820915,42.4794937381103,270835.6,659351.57,12,8,43.063
NS75NW_241,1,1_6,4.93141025793,-9999.0,-9999.0,-9999.0,43.2480010986,127.929274818744,45.7563908175126,270868.87,659348.44,12,8,43.248
NS75NW_242,1,1_6,3.82347703624,-9999.0,-9999.0,-9999.0,42.7420005798,151.370263569121,52.7896796156388,270823.48,659347.7,28,16,42.742
NS75NW_244,1,1_6,2.52488993595,-9999.0,-9999.0,-9999.0,42.5060005188,47.8566674977615,27.6823605726787,270733.77,659341.39,12,8,42.506
NS75NW_245,1,1_6,6.10573000227,-9999.0,-9999.0,-9999.0,42.266998291,142.790849370281,51.8508554332741,270644.37,659342.16,20,12,42.267
NS75NW_246,1,1_6,6.19773215044,-9999.0,-9999.0,-9999.0,42.4189987183,137.342826787293,50.9516877566148,270678.19,659343.31,20,12,42.419
NS75NW_248,1,1_6,5.02835811375,-9999.0,-9999.0,-9999.0,42.1170005798,172.42464363881,55.5730593765148,270773.36,659338.16,20,12,42.117
NS75NW_249,1,1_6,5.42920740947,-9999.0,-9999.0,-9999.0,42.4840011597,85.8060268333089,38.2524241160402,270740.99,659337.69,12,8,42.484
NS75NW_250,1,1_6,4.24677902014,-9999.0,-9999.0,-9999.0,42.2200012207,345.056695464339,111.769597219921,270802.0,659340.54,36,20,42.22
NS75NW_251,1,1_6,2.25582969073,-9999.0,-9999.0,-9999.0,43.2989997864,54.7027800033097,38.9519289838776,270840.4,659336.02,24,14,43.299
NS75NW_252,1,1_6,4.37615252836,-9999.0,-9999.0,-9999.0,43.3709983826,106.642572891071,44.7298706448797,270872.69,659336.35,20,12,43.371
NS75NW_256,1,1_6,4.89482638915,-9999.0,-9999.0,-9999.0,42.1819992065,202.161368704565,70.4239090407913,270756.77,659335.13,28,16,42.182
NS75NW_258,1,1_6,6.56936460908,-9999.0,-9999.0,-9999.0,42.2680015564,176.628987703815,58.4018159045182,270641.16,659327.03,28,16,42.268
NS75NW_259,1,1_6,5.82614900672,-9999.0,-9999.0,-9999.0,42.4589996338,150.004713709883,51.4359299820358,270667.86,659324.77,28,16,42.459
NS75NW_262,1,1_6,4.72520523385,-9999.0,-9999.0,-9999.0,42.8619995117,381.540489366177,147.208523907312,270830.49,659319.21,84,44,42.862
NS75NW_266,1,1_6,6.05296501432,-9999.0,-9999.0,-9999.0,42.8320007324,145.050007116143,48.2789529548487,270638.86,659312.51,16,10,42.832
NS75NW_267,1,1_6,6.05285214756,-9999.0,-9999.0,-9999.0,42.3380012512,137.651209145478,50.9000103404185,270665.54,659311.73,20,12,42.338
NS75NW_268,1,1_6,4.53997351413,-9999.0,-9999.0,-9999.0,43.3979988098,254.294362861479,71.424665817068,270879.07,659318.45,36,20,43.398
NS75NW_269,1,1_6,4.34741225643,-9999.0,-9999.0,-9999.0,42.736000061,114.374637997382,46.8482605662609,270811.09,659311.05,28,16,42.736
NS75NW_270,1,1_6,6.52161287064,-9999.0,-9999.0,-9999.0,42.4239997864,176.8404693946,58.1112535684038,270698.64,659308.2,28,16,42.424
NS75NW_271,1,1_6,4.32023300287,-9999.0,-9999.0,-9999.0,42.2299995422,302.451561565318,116.715684562853,270790.41,659311.73,52,28,42.23
NS75NW_272,1,1_6,4.69216775568,-9999.0,-9999.0,-9999.0,43.6069984436,112.060341518874,45.7327916574436,270885.78,659299.26,28,16,43.607
NS75NW_274,1,1_6,6.2260831037,-9999.0,-9999.0,-9999.0,43.1230010986,144.960689168542,52.7251323438632,270636.24,659299.66,32,18,43.123
NS75NW_275,1,1_6,6.10089755414,-9999.0,-9999.0,-9999.0,42.4119987488,136.702306463099,50.7785906046926,270662.7,659298.23,20,12,42.412
NS75NW_276,1,1_6,5.95051675953,-9999.0,-9999.0,-9999.0,42.4920005798,152.749298856707,54.3118615428206,270697.41,659294.03,36,20,42.492
NS75NW_278,1,1_6,5.54369014951,-9999.0,-9999.0,-9999.0,43.4189987183,158.549897467177,56.1585729785239,270859.24,659294.57,20,12,43.419
NS75NW_281,1,1_6,5.80339612157,-9999.0,-9999.0,-9999.0,43.1930007935,85.0531348777899,36.8920295789871,270844.64,659288.47,12,8,43.193
NS75NW_282,1,1_6,2.69387524253,-9999.0,-9999.0,-9999.0,43.7949981689,28.8191175018431,24.5555464005864,270862.39,659285.74,8,6,43.795
NS75NW_284,1,1_6,5.8994061017,-9999.0,-9999.0,-9999.0,43.0960006714,142.228751653405,50.5779901179422,270630.74,659287.17,24,14,43.096
NS75NW_285,1,1_6,4.74656929054,-9999.0,-9999.0,-9999.0,43.6899986267,103.109963170349,40.6180583625644,270889.7,659286.62,12,8,43.69
NS75NW_287,1,1_6,5.66487184202,-9999.0,-9999.0,-9999.0,42.8680000305,154.380448150409,53.5858792857027,270660.45,659284.54,28,16,42.868
NS75NW_288,1,1_6,4.53572873911,-9999.0,-9999.0,-9999.0,43.2220001221,93.4515030686233,40.6703155284552,270833.06,659283.64,20,12,43.222
NS75NW_289,1,1_6,6.20300852319,-9999.0,-9999.0,-9999.0,42.5340003967,142.860580820689,52.7481231233008,270694.92,659280.21,28,16,42.534
NS75NW_290,1,1_6,2.46564774661,-9999.0,-9999.0,-9999.0,43.3510017395,28.8126599950256,25.4939960695071,270841.87,659277.94,8,6,43.351
NS75NW_292,1,1_6,4.50574608984,-9999.0,-9999.0,-9999.0,43.0579986572,139.592949976214,59.736029047915,270824.08,659276.92,28,16,43.058
NS75NW_293,1,1_6,6.14622074976,-9999.0,-9999.0,-9999.0,42.7599983215,147.758980510981,53.4557472920504,270657.2,659272.18,28,16,42.76
NS75NW_294,1,1_6,4.72743751633,-9999.0,-9999.0,-9999.0,42.7599983215,180.603192247475,56.7201225051538,270805.59,659273.91,12,8,42.76
NS75NW_297,1,1_6,2.55717805454,-9999.0,-9999.0,-9999.0,43.2350006104,32.0243737468993,25.9462421656538,270837.13,659265.15,8,6,43.235
NS75NW_298,1,1_6,6.11306802202,-9999.0,-9999.0,-9999.0,42.6170005798,152.819905850823,53.8759198246625,270692.72,659267.58,28,16,42.617
NS75NW_299,1,1_6,3.23266214342,-9999.0,-9999.0,-9999.0,43.0340003967,52.0239223271718,30.8790581860229,270818.84,659265.58,20,12,43.034
NS75NW_302,1,1_6,5.7662799345,-9999.0,-9999.0,-9999.0,43.672000885,90.2807326997141,40.9239793244595,270866.26,659263.54,28,16,43.672
NS75NW_303,1,1_6,4.17563025594,-9999.0,-9999.0,-9999.0,43.7760009766,320.996868194275,118.139243511396,270898.35,659270.25,68,36,43.776
NS75NW_305,1,1_6,6.06529644019,-9999.0,-9999.0,-9999.0,42.8349990845,147.719791265624,51.8920478661749,270652.87,659259.96,20,12,42.835
NS75NW_307,1,1_6,4.84487847464,-9999.0,-9999.0,-9999.0,43.4599990845,183.45879434571,54.9090619375778,270850.5,659258.38,20,12,43.46
NS75NW_309,1,1_6,6.08190906156,-9999.0,-9999.0,-9999.0,42.6980018616,144.451765374799,51.0340335285871,270691.24,659254.66,28,16,42.698
NS75NW_310,1,1_6,4.96672953688,-9999.0,-9999.0,-9999.0,43.3730010986,102.763437071199,40.5863820668428,270837.85,659251.18,12,8,43.373
NS75NW_313,1,1_6,6.22530518656,-9999.0,-9999.0,-9999.0,42.9070014954,147.532051667934,53.5427942764719,270687.54,659241.29,36,20,42.907
NS75NW_314,1,1_6,4.19073956182,-9999.0,-9999.0,-9999.0,44.0349998474,239.397314748455,75.352002607392,270904.22,659244.8,52,28,44.035
NS75NW_318,1,1_6,2.35493883405,-9999.0,-9999.0,-9999.0,44.547000885,21.4731975002151,22.1108467745302,270921.46,659227.5,8,6,44.547
NS75NW_319,1,1_6,6.14312376483,-9999.0,-9999.0,-9999.0,42.8129997253,151.128163382631,54.882354933362,270641.03,659234.21,36,20,42.813
NS75NW_320,1,1_6,6.55123658784,-9999.0,-9999.0,-9999.0,40.7626495361,477.490889329165,117.305235279735,271230.76,659238.08,48,26,40.763
NS75NW_321,1,1_6,3.87702545562,-9999.0,-9999.0,-9999.0,44.3479995728,97.7031860809832,40.2763937604499,270908.95,659229.21,12,8,44.348
NS75NW_322,1,1_6,4.77220435641,-9999.0,-9999.0,-9999.0,44.0159988403,137.142476253276,49.007050088157,270874.21,659230.44,20,12,44.016
NS75NW_323,1,1_6,4.7927248684,-9999.0,-9999.0,-9999.0,43.8779983521,86.2395432321305,37.1491915998417,270861.78,659227.74,12,8,43.878
NS75NW_324,1,1_6,6.14686560925,-9999.0,-9999.0,-9999.0,42.8180007935,149.911987912404,52.7889913484261,270653.42,659230.4,20,12,42.818
NS75NW_325,1,1_6,5.99443958163,-9999.0,-9999.0,-9999.0,42.8549995422,138.108811267688,51.2541299007888,270665.13,659224.73,20,12,42.855
NS75NW_326,1,1_6,5.97366017071,-9999.0,-9999.0,-9999.0,42.8699989319,143.817125668873,51.8845681714312,270676.72,659221.16,20,12,42.87
NS75NW_328,1,1_6,3.67298266581,-9999.0,-9999.0,-9999.0,44.5709991455,112.690928818177,46.8955188605531,270916.08,659218.33,20,12,44.571
NS75NW_329,1,1_6,6.13942214614,-9999.0,-9999.0,-9999.0,42.9630012512,144.561279521473,54.0015979741284,270690.82,659215.33,36,20,42.963
NS75NW_331,1,1_6,3.73715442402,-9999.0,-9999.0,-9999.0,44.313999176,180.862416878113,62.4771988376818,270880.99,659213.02,28,16,44.314
NS75NW_332,1,1_6,3.8135923771,-9999.0,-9999.0,-9999.0,44.5120010376,98.3705692657237,40.4400651514243,270922.33,659206.71,12,8,44.512
NS75NW_333,1,1_6,2.54013864049,-9999.0,-9999.0,-9999.0,42.4586677551,28.435770000775,22.0316048098869,271166.09,659203.2,12,8,42.459
NS75NW_334,1,1_6,5.64020895063,-9999.0,-9999.0,-9999.0,43.6020011902,77.1706784365877,37.4452430078997,270817.96,659201.52,20,12,43.602
NS75NW_336,1,1_6,5.06857938127,-9999.0,-9999.0,-9999.0,43.3489990234,365.172311709753,96.0691632581427,270783.49,659209.29,36,20,43.349
NS75NW_337,1,1_6,6.11323883057,-9999.0,-9999.0,-9999.0,43.7659988403,63.4450631940589,32.056136163061,270812.76,659192.87,12,8,43.766
NS75NW_340,1,1_6,2.15953270743,-9999.0,-9999.0,-9999.0,44.1193313599,30.7480050012747,26.1835603713115,270837.84,659183.62,8,6,44.119
NS75NW_341,1,1_6,5.03682650782,-9999.0,-9999.0,-9999.0,43.8930015564,94.707514975105,42.613155763634,270809.2,659183.21,20,12,43.893
NS75NW_342,1,1_6,4.46142129593,-9999.0,-9999.0,-9999.0,44.7140007019,225.844840362202,72.4043972157743,270896.48,659189.6,36,20,44.714
NS75NW_344,1,1_6,3.49030702867,-9999.0,-9999.0,-9999.0,44.5569992065,307.152934172238,101.437304448234,270935.3,659186.93,52,28,44.557
NS75NW_345,1,1_6,5.54741067597,-9999.0,-9999.0,-9999.0,43.9399986267,79.0695712517209,36.6501652335937,270827.08,659177.85,16,10,43.94
NS75NW_346,1,1_6,6.0870552063,-9999.0,-9999.0,-9999.0,43.5120010376,100.779278868166,40.4154737436211,270707.29,659175.67,12,8,43.512
NS75NW_347,1,1_6,6.36038846906,-9999.0,-9999.0,-9999.0,44.2410011292,114.562575810392,43.1963732060647,270838.83,659168.27,12,8,44.241
NS75NW_348,1,1_6,5.13938546347,-9999.0,-9999.0,-9999.0,43.6539993286,370.438580107999,115.264391417681,270749.82,659169.0,76,40,43.654
NS75NW_349,1,1_6,6.01243040552,-9999.0,-9999.0,-9999.0,43.9599990845,127.039739704428,48.4033792399833,270775.66,659165.54,28,16,43.96
NS75NW_351,1,1_6,2.04379288192,-9999.0,-9999.0,-9999.0,43.8870010376,48.7139624997508,27.9661361828229,270764.49,659158.5,12,8,43.887
NS75NW_352,1,1_6,2.61777806686,-9999.0,-9999.0,-9999.0,43.5089988708,30.8750850075757,22.3713577114716,271161.08,659157.19,12,8,43.509
NS75NW_353,1,1_6,5.93682511326,-9999.0,-9999.0,-9999.0,44.3969993591,157.785574409244,56.8066677467925,270852.72,659157.88,20,12,44.397
NS75NW_354,1,1_6,2.09362337748,-9999.0,-9999.0,-9999.0,44.0730018616,41.6145825010773,26.4936013072101,270779.21,659152.65,12,8,44.073
NS75NW_355,1,1_6,5.73618571159,-9999.0,-9999.0,-9999.0,43.5250015259,334.484834992747,123.235524383822,270660.32,659166.14,60,32,43.525
NS75NW_356,1,1_6,4.44847991424,-9999.0,-9999.0,-9999.0,43.7722854614,138.75656189413,55.4387293054748,270738.67,659151.92,28,16,43.772
NS75NW_357,1,1_6,2.46725661475,-9999.0,-9999.0,-9999.0,44.7239990234,55.8055551178052,32.7938918438724,271144.48,659148.71,12,8,44.724
NS75NW_359,1,1_6,4.97582198339,-9999.0,-9999.0,-9999.0,44.0890007019,349.73920447459,112.067894561462,270801.05,659155.34,76,40,44.089
NS75NW_361,1,1_6,2.23256648317,-9999.0,-9999.0,-9999.0,45.1609992981,51.9905662543099,30.478883676801,270880.54,659144.44,12,8,45.161
NS75NW_362,1,1_6,5.4588921716,-9999.0,-9999.0,-9999.0,44.9280014038,154.955744757129,55.4138120854876,270863.83,659144.83,36,20,44.928
NS75NW_363,1,1_6,6.13226119438,-9999.0,-9999.0,-9999.0,44.5629997253,120.232647248068,45.7622946635405,270822.17,659142.5,28,16,44.563
NS75NW_364,1,1_6,2.1185024393,-9999.0,-9999.0,-9999.0,44.7060012817,39.7313025014007,27.2531068034929,270809.82,659138.32,16,10,44.706
NS75NW_366,1,1_6,5.70712567568,-9999.0,-9999.0,-9999.0,43.4790000916,250.879439781264,75.1208607430621,270628.73,659147.2,24,14,43.479
NS75NW_367,1,1_6,3.98883472614,-9999.0,-9999.0,-9999.0,44.641998291,417.801430597646,114.715609153867,270945.47,659151.11,76,40,44.642
NS75NW_369,1,1_6,3.97821125296,-9999.0,-9999.0,-9999.0,43.7022476196,652.110615163243,187.507466608744,270696.7,659151.82,156,80,43.702
NS75NW_370,1,1_6,3.96641705812,-9999.0,-9999.0,-9999.0,44.5909996033,181.17855172715,75.9155462043331,270777.74,659136.18,44,24,44.591
NS75NW_371,1,1_6,5.29744863359,-9999.0,-9999.0,-9999.0,44.7649993896,81.1437637838844,38.009589525142,270791.97,659132.31,20,12,44.765
NS75NW_372,1,1_6,5.34958469195,-9999.0,-9999.0,-9999.0,43.8870010376,202.779459347699,66.9229516828188,270736.12,659136.07,36,20,43.887
NS75NW_373,1,1_6,2.2184750034,-9999.0,-9999.0,-9999.0,45.2410011292,32.9175600004309,23.6973202068059,270886.94,659129.62,12,8,45.241
NS75NW_374,1,1_6,5.91339920449,-9999.0,-9999.0,-9999.0,45.0680007935,154.759146457721,53.6718188139213,270874.86,659132.16,28,16,45.068
NS75NW_375,1,1_6,6.21738964578,-9999.0,-9999.0,-9999.0,44.7627067566,116.95908640126,43.5393302606341,270835.48,659130.64,12,8,44.763
NS75NW_376,1,1_6,2.26995338742,-9999.0,-9999.0,-9999.0,44.8660011292,61.441612500271,35.386206568294,270821.39,659125.01,16,10,44.866
NS75NW_377,1,1_6,5.63324392442,-9999.0,-9999.0,-9999.0,44.1430015564,150.493783014849,52.934115475407,270699.19,659125.77,20,12,44.143
NS75NW_378,1,1_6,5.97727592119,-9999.0,-9999.0,-9999.0,44.5680007935,67.0338852488012,32.8964446533844,270768.01,659122.82,12,8,44.568
NS75NW_379,1,1_6,4.96159129815,-9999.0,-9999.0,-9999.0,44.9210014343,113.545621383253,45.5560480051572,270800.85,659123.85,20,12,44.921
NS75NW_380,1,1_6,5.77664920964,-9999.0,-9999.0,-9999.0,43.9370002747,200.124237234845,63.5042721524418,270642.38,659125.53,12,8,43.937
NS75NW_381,1,1_6,2.21023651705,-9999.0,-9999.0,-9999.0,45.2579994202,68.8132574917987,49.8862716631024,270901.54,659118.41,24,14,45.258
NS75NW_382,1,1_6,2.11126947977,-9999.0,-9999.0,-9999.0,45.0219993591,42.4200937435614,26.3970429671558,270833.6,659117.21,12,8,45.022
NS75NW_383,1,1_6,6.31088533073,-9999.0,-9999.0,-9999.0,45.2379989624,118.045840317457,43.8134489346457,270885.88,659117.74,12,8,45.238
NS75NW_384,1,1_6,5.78553183752,-9999.0,-9999.0,-9999.0,44.2179985046,170.040596724015,57.1320630680741,270731.71,659114.92,28,16,44.218
NS75NW_385,1,1_6,2.6357239361,-9999.0,-9999.0,-9999.0,44.6129989624,164.290974953048,74.9933722991221,271144.13,659121.13,12,8,44.613
NS75NW_386,1,1_6,5.44404738752,-9999.0,-9999.0,-9999.0,44.7109985352,106.679498180053,55.5175854716611,270763.05,659111.1,28,16,44.711
NS75NW_387,1,1_6,3.24378302639,-9999.0,-9999.0,-9999.0,45.263999939,44.6254087496651,33.0630065373968,270982.4,659108.77,12,8,45.264
NS75NW_388,1,1_6,4.3814483284,-9999.0,-9999.0,-9999.0,44.8260002136,159.691595885414,56.6300813739691,270804.22,659110.91,36,20,44.826
NS75NW_389,1,1_6,5.22061146211,-9999.0,-9999.0,-9999.0,44.891998291,172.648878077822,68.0690883654824,270847.26,659113.23,44,24,44.892
NS75NW_391,1,1_6,5.09822446286,-9999.0,-9999.0,-9999.0,44.2179985046,172.419981700478,59.3747379490003,270695.76,659108.43,36,20,44.218
NS75NW_392,1,1_6,2.59584306312,-9999.0,-9999.0,-9999.0,44.4710006714,49.1750174991391,28.0679276267961,270734.63,659101.5,12,8,44.471
NS75NW_393,1,1_6,5.95125481047,-9999.0,-9999.0,-9999.0,45.0680007935,128.622225544817,49.5190947609192,270856.86,659104.29,28,16,45.068
NS75NW_394,1,1_6,2.62327352453,-9999.0,-9999.0,-9999.0,45.1910018921,36.7499699950945,26.4877436649894,270987.34,659100.45,12,8,45.191
NS75NW_395,1,1_6,5.84272679929,-9999.0,-9999.0,-9999.0,44.6469993591,70.9292564773251,34.0482654104821,270797.59,659099.7,12,8,44.647
NS75NW_396,1,1_6,5.93036725838,-9999.0,-9999.0,-9999.0,44.2680015564,105.679778681268,41.9239452691598,270660.62,659101.61,12,8,44.268
NS75NW_397,1,1_6,4.43369930772,-9999.0,-9999.0,-9999.0,44.9480018616,398.33915253238,141.331164148648,270965.23,659115.98,92,48,44.948
NS75NW_398,1,1_6,5.40814373092,-9999.0,-9999.0,-9999.0,45.2890014648,177.290862087793,64.9956922234331,270902.27,659102.96,36,20,45.289
NS75NW_399,1,1_6,2.21576178828,-9999.0,-9999.0,-9999.0,45.1119995117,23.7401924985058,23.6408919767199,270826.97,659096.06,8,6,45.112
NS75NW_402,1,1_6,5.95100323122,-9999.0,-9999.0,-9999.0,44.6170005798,103.532628463111,41.3669679053136,270648.93,659092.52,12,8,44.617
NS75NW_403,1,1_6,5.87423344738,-9999.0,-9999.0,-9999.0,44.5410003662,69.9537389848369,33.7531676421093,270798.3,659087.72,12,8,44.541
NS75NW_404,1,1_6,6.04068335091,-9999.0,-9999.0,-9999.0,44.5859985352,87.1564401846938,37.3446002913388,270767.53,659088.51,12,8,44.586
NS75NW_406,1,1_6,5.768885799,-9999.0,-9999.0,-9999.0,44.5730018616,138.872899453204,59.2263456724093,270693.9,659090.47,36,20,44.573
NS75NW_407,1,1_6,4.58287949073,-9999.0,-9999.0,-9999.0,44.9729995728,138.699313289772,63.9542239805714,270816.32,659089.68,44,24,44.973
NS75NW_408,1,1_6,4.7116377758,-9999.0,-9999.0,-9999.0,45.408000946,133.54301179314,56.2824919199894,270982.31,659089.05,44,24,45.408
NS75NW_409,1,1_6,5.257183134,-9999.0,-9999.0,-9999.0,44.6370010376,85.4120080767869,38.5653429750174,270732.45,659088.37,12,8,44.637
NS75NW_410,1,1_6,5.31609838481,-9999.0,-9999.0,-9999.0,44.5909996033,238.157638999091,72.5121397532714,270750.27,659088.8,36,20,44.591
NS75NW_411,1,1_6,4.3998390939,-9999.0,-9999.0,-9999.0,45.0890007019,110.897019292964,43.2406772807103,270832.39,659086.31,20,12,45.089
NS75NW_412,1,1_6,4.39585657818,-9999.0,-9999.0,-9999.0,45.077999115,108.844306314705,42.231390188859,270844.81,659083.29,12,8,45.078
NS75NW_413,1,1_6,5.78957693917,-9999.0,-9999.0,-9999.0,44.9339981079,105.115261156865,41.6152476865964,270637.08,659083.37,12,8,44.934
NS75NW_414,1,1_6,6.26824754956,-9999.0,-9999.0,-9999.0,45.1780014038,180.710896586005,58.7418066190562,270925.8,659080.41,12,8,45.178
NS75NW_415,1,1_6,4.95191526413,-9999.0,-9999.0,-9999.0,44.8359985352,138.101978843005,63.3522501605346,270691.16,659074.61,28,16,44.836
NS75NW_417,1,1_6,4.99651583996,-9999.0,-9999.0,-9999.0,45.1780014038,143.450590836491,66.4084420284077,270625.48,659071.3,36,20,45.178
NS75NW_418,1,1_6,2.42646160783,-9999.0,-9999.0,-9999.0,46.0929985046,41.1244987437144,31.2846934125151,270645.63,659063.81,16,10,46.093
NS75NW_419,1,1_6,4.73191458024,-9999.0,-9999.0,-9999.0,45.0050010681,163.347602560454,67.1471383569787,270694.77,659062.2,44,24,45.005
NS75NW_420,1,1_6,2.21128569666,-9999.0,-9999.0,-9999.0,45.3170013428,130.265045327476,57.5165708285257,270940.58,659060.93,16,10,45.317
NS75NW_421,1,1_6,2.77227270603,-9999.0,-9999.0,-9999.0,46.8409996033,32.5829850051338,23.0399052103986,270657.75,659051.06,12,8,46.841
NS75NW_422,1,1_6,5.51151821698,-9999.0,-9999.0,-9999.0,45.4659996033,153.399484226741,51.0667356814624,270700.32,659051.17,20,12,45.466
NS75NW_423,1,1_6,4.19937324139,-9999.0,-9999.0,-9999.0,45.2430000305,129.863292794978,48.2987543592607,270734.68,659050.99,28,16,45.243
NS75NW_424,1,1_6,4.84200745601,-9999.0,-9999.0,-9999.0,44.9990005493,404.552184812443,113.274820776773,270808.95,659053.16,64,34,44.999
NS75NW_425,1,1_6,4.25789315512,-9999.0,-9999.0,-9999.0,45.016998291,278.767011475687,109.460129655081,270779.62,659050.46,52,28,45.017
NS75NW_426,1,1_6,4.10899773399,-9999.0,-9999.0,-9999.0,45.2070007324,263.897400581477,117.002108287639,270757.6,659049.79,76,40,45.207
NS75NW_427,1,1_6,1.90412126585,-9999.0,-9999.0,-9999.0,45.1819992065,25.7925112474747,24.7958046617309,270794.08,659043.04,8,6,45.182
NS75NW_429,1,1_6,2.08737641993,-9999.0,-9999.0,-9999.0,46.3730010986,74.195542560044,41.2516726640557,270686.74,659039.43,20,12,46.373
NS75NW_430,1,1_6,3.40441805124,-9999.0,-9999.0,-9999.0,46.6870002747,101.052566245215,40.9700254649138,270644.91,659040.82,16,10,46.687
NS75NW_431,1,1_6,4.93321561311,-9999.0,-9999.0,-9999.0,45.2519989014,148.286116050268,60.8486125355397,270832.65,659044.27,28,16,45.252
NS75NW_432,1,1_6,2.35008959368,-9999.0,-9999.0,-9999.0,45.7379989624,69.7099567460165,33.4004190042258,270734.43,659035.29,12,8,45.738
NS75NW_434,1,1_6,6.10608393518,-9999.0,-9999.0,-9999.0,44.7949981689,280.321473562452,84.3048319925379,270948.98,659041.73,20,12,44.795
NS75NW_435,1,1_6,5.87030751497,-9999.0,-9999.0,-9999.0,45.8860015869,131.623276602738,48.7170589957307,270703.62,659033.41,20,12,45.886
NS75NW_436,1,1_6,3.54404930719,-9999.0,-9999.0,-9999.0,45.8339996338,179.293846152616,80.8426908304749,270769.58,659027.35,56,30,45.834
NS75NW_437,1,1_6,5.41379403432,-9999.0,-9999.0,-9999.0,46.236000061,80.0047762598935,36.946217686196,270706.7,659021.02,16,10,46.236
NS75NW_438,1,1_6,4.3847280087,-9999.0,-9999.0,-9999.0,46.0289993286,130.516955511819,48.6893006497943,270756.66,659022.71,28,16,46.029
NS75NW_439,1,1_6,4.37027712095,-9999.0,-9999.0,-9999.0,45.4799995422,670.344593691852,231.409463147379,270810.09,659024.43,140,72,45.48
NS75NW_440,1,1_6,5.72890093155,-9999.0,-9999.0,-9999.0,46.8660011292,220.730392393039,84.8900241509578,270666.31,659029.2,36,20,46.866
NS75NW_441,1,1_6,4.91505734698,-9999.0,-9999.0,-9999.0,46.3050003052,142.95514843597,49.0702978314431,270739.09,659019.6,12,8,46.305
NS75NW_442,1,1_6,2.18844073942,-9999.0,-9999.0,-9999.0,46.7729988098,26.7536025068309,24.1331153172856,270690.83,659014.31,8,6,46.773
NS75NW_443,1,1_6,5.34183569586,-9999.0,-9999.0,-9999.0,46.4847984314,83.0212946322977,37.8062155135569,270706.81,659010.97,12,8,46.485
NS75NW_444,1,1_6,2.404678861,-9999.0,-9999.0,-9999.0,47.0499992371,35.6974237519785,24.5027921685338,270695.23,659003.77,12,8,47.05
NS75NW_445,1,1_6,5.5262266835,-9999.0,-9999.0,-9999.0,44.0190010071,369.572112295242,96.3095750900859,270972.93,659016.09,28,16,44.019
NS75NW_446,1,1_6,2.22289336306,-9999.0,-9999.0,-9999.0,43.9650001526,104.692518401419,53.4935404590483,270990.67,659007.8,12,8,43.965
NS75NW_447,1,1_6,5.55349299404,-9999.0,-9999.0,-9999.0,46.8353347778,155.452455033715,54.5224087786298,270709.66,658997.87,28,16,46.835
NS75NW_448,1,1_6,3.33229750744,-9999.0,-9999.0,-9999.0,47.6139984131,238.726218701985,81.2365220059996,270665.83,659002.11,32,18,47.614
NS75NW_449,1,1_6,4.75444914342,-9999.0,-9999.0,-9999.0,45.4840011597,329.311349602289,118.357911005468,270900.63,659001.36,80,42,45.484
NS75NW_450,1,1_6,4.61686998864,-9999.0,-9999.0,-9999.0,44.2620010376,550.223879828176,154.506373429677,270930.08,659009.67,100,52,44.262
NS75NW_451,1,1_6,4.81885562366,-9999.0,-9999.0,-9999.0,46.1839981079,102.897117613419,40.5885350106058,270862.52,658989.6,12,8,46.184
NS75NW_452,1,1_6,2.5078064928,-9999.0,-9999.0,-9999.0,45.188999176,82.2322612466045,46.6497581025663,270922.32,658989.07,20,12,45.189
NS75NW_453,1,1_6,4.37175878449,-9999.0,-9999.0,-9999.0,46.5319328308,121.053105864263,45.1620597925619,270793.75,658989.08,20,12,46.532
NS75NW_454,1,1_6,5.24645425408,-9999.0,-9999.0,-9999.0,46.1769981384,228.413726447052,82.5309992634782,270771.79,658989.08,36,20,46.177
NS75NW_455,1,1_6,4.49725246934,-9999.0,-9999.0,-9999.0,46.2376670837,103.107864837829,43.6686698908646,270846.29,658987.22,28,16,46.238
NS75NW_456,1,1_6,4.06161296417,-9999.0,-9999.0,-9999.0,46.8549995422,126.255746134138,56.0450397925379,270752.0,658986.25,36,20,46.855
NS75NW_457,1,1_6,2.23590804791,-9999.0,-9999.0,-9999.0,46.8989982605,30.3714074982019,23.7427285829774,270760.74,658980.37,12,8,46.899
NS75NW_458,1,1_6,2.06004441459,-9999.0,-9999.0,-9999.0,46.3540000916,54.3840824931484,29.5260855522814,270855.2,658979.81,12,8,46.354
NS75NW_459,1,1_6,6.48360534138,-9999.0,-9999.0,-9999.0,47.4609985352,119.697605458488,44.0038782978719,270715.72,658980.17,12,8,47.461
NS75NW_460,1,1_6,3.94375619867,-9999.0,-9999.0,-9999.0,46.1529998779,464.138860047105,149.654666990167,270819.19,658983.53,76,40,46.153
NS75NW_461,1,1_6,2.11460125559,-9999.0,-9999.0,-9999.0,46.9440002441,85.8859237403703,45.0615340680807,270787.5,658977.19,28,16,46.944
NS75NW_462,1,1_6,5.57372196659,-9999.0,-9999.0,-9999.0,43.5579986572,273.353972593946,87.208986755792,271005.59,658982.64,60,32,43.558
NS75NW_463,1,1_6,6.11073294424,-9999.0,-9999.0,-9999.0,48.9889984131,156.267305228764,54.9282023546568,270670.92,658978.56,12,8,48.989
NS75NW_464,1,1_6,4.98865197749,-9999.0,-9999.0,-9999.0,45.3520011902,157.147734138062,56.2390016698641,270913.53,658976.53,32,18,45.352
NS75NW_465,1,1_6,1.95767939641,-9999.0,-9999.0,-9999.0,48.1329994202,54.2543737503211,36.6002759373753,270707.53,658966.35,20,12,48.133
NS75NW_466,1,1_6,6.35200760581,-9999.0,-9999.0,-9999.0,48.6129989624,117.205068195552,43.6111990668693,270720.88,658963.57,12,8,48.613
NS75NW_467,1,1_6,4.56054150101,-9999.0,-9999.0,-9999.0,46.0190010071,142.816177235539,49.2323824078532,270875.97,658962.19,12,8,46.019
NS75NW_468,1,1_6,4.79539278089,-9999.0,-9999.0,-9999.0,46.6209983826,242.23253675904,74.3678204352953,270851.94,658961.72,28,16,46.621
NS75NW_469,1,1_6,4.48981710768,-9999.0,-9999.0,-9999.0,46.4850006104,860.917478292347,264.625429430958,270798.13,658967.55,140,72,46.485
NS75NW_470,1,1_6,4.8479626653,-9999.0,-9999.0,-9999.0,43.8940010071,392.09158033451,110.865834043391,270958.91,658972.09,44,24,43.894
NS75NW_471,1,1_6,4.54570721465,-9999.0,-9999.0,-9999.0,44.2649993896,360.781646976867,105.98739797697,270934.09,658956.85,32,18,44.265
NS75NW_472,1,1_6,2.24898788075,-9999.0,-9999.0,-9999.0,43.716999054,42.7088812484918,26.5975821562048,271006.09,658950.45,12,8,43.717
NS75NW_473,1,1_6,3.87401361241,-9999.0,-9999.0,-9999.0,49.7989997864,196.002198408228,98.1473164231704,270715.77,658950.14,72,40,49.799
NS75NW_475,1,1_6,3.55347477948,-9999.0,-9999.0,-9999.0,43.5830001831,114.331346242775,43.7507859788025,270995.02,658947.58,16,10,43.583
NS75NW_476,1,1_6,3.69468339646,-9999.0,-9999.0,-9999.0,47.9269981384,119.320527645791,46.5347529259213,270809.4,658925.28,20,12,47.927
NS75NW_477,1,1_6,3.97695275229,-9999.0,-9999.0,-9999.0,43.5550003052,389.67799678447,100.36739979509,270984.65,658932.47,48,26,43.555
NS75NW_478,1,1_6,3.02830484319,-9999.0,-9999.0,-9999.0,43.7750015259,244.10640992726,92.7941168534971,270966.17,658920.94,64,34,43.775
NS75NW_479,1,1_6,4.05464426999,-9999.0,-9999.0,-9999.0,44.2286682129,309.858472396206,107.010927997646,270937.76,658918.25,76,40,44.229
NS75NW_480,1,1_6,3.49749613589,-9999.0,-9999.0,-9999.0,47.0379981995,702.143504154044,238.07265150572,270845.75,658921.19,164,84,47.038
NS75NW_481,1,1_6,3.47365083825,-9999.0,-9999.0,-9999.0,48.5439987183,808.093488484398,245.139428285101,270765.27,658919.8,188,96,48.544
NS75NW_482,1,1_6,4.24790536084,-9999.0,-9999.0,-9999.0,45.5849990845,293.844898874765,112.583402896504,270906.93,658917.02,52,28,45.585
NS75NW_483,1,1_6,3.75649709047,-9999.0,-9999.0,-9999.0,46.5190010071,215.333824863329,75.8936272615851,270884.64,658918.08,44,24,46.519
NS75NW_484,1,1_6,3.35428097179,-9999.0,-9999.0,-9999.0,43.716999054,28.7656775466889,26.6576532646094,270990.29,658911.36,12,8,43.717
NS75NW_485,1,1_6,2.34593584938,-9999.0,-9999.0,-9999.0,48.0970001221,73.7948427241594,39.9262576303506,270817.94,658912.83,20,12,48.097
NS75NW_486,1,1_6,3.40403280844,-9999.0,-9999.0,-9999.0,43.7709999084,50.8780900820913,33.7686670781971,270977.96,658907.58,28,16,43.771
NS75NW_488,1,1_6,2.51118875319,-9999.0,-9999.0,-9999.0,39.2140007019,48.658968748729,28.5627162085067,271023.08,658896.64,12,8,39.214
NS75NW_489,1,1_6,2.85760109724,-9999.0,-9999.0,-9999.0,46.2789993286,45.4435724991109,29.7291922369506,270787.44,658895.66,16,10,46.279
NS75NW_490,1,1_6,5.69255385256,-9999.0,-9999.0,-9999.0,41.9970016479,370.191796559011,96.4823018648768,270821.93,658886.43,60,32,41.997
NS75NW_491,1,1_6,5.91403098534,-9999.0,-9999.0,-9999.0,43.5390014648,400.200180330314,103.802542168874,270982.62,658888.05,48,26,43.539
NS75NW_492,1,1_6,5.42311650857,-9999.0,-9999.0,-9999.0,44.5379981995,224.690860892613,71.8243717075628,270949.65,658880.7,28,16,44.538
NS75NW_493,1,1_6,4.41695075359,-9999.0,-9999.0,-9999.0,45.2560005188,494.8188602256,141.676621066122,270865.19,658882.2,68,36,45.256
NS75NW_494,1,1_6,4.90239200981,-9999.0,-9999.0,-9999.0,38.6606750488,263.351230419364,101.32555156465,270765.96,658878.41,72,38,38.661
NS75NW_495,1,1_6,8.37596173507,-9999.0,-9999.0,-9999.0,34.7799987793,260.10052237176,66.0019403520553,270796.09,658877.01,12,8,34.78
NS75NW_496,1,1_6,2.86321769753,-9999.0,-9999.0,-9999.0,44.1710014343,52.6302186475004,32.4136209648625,270955.47,658863.07,20,12,44.171
NS75NW_497,1,1_6,4.12369996938,-9999.0,-9999.0,-9999.0,44.0359992981,409.918289106148,96.637043515787,270908.73,658869.5,64,34,44.036
NS75NW_498,1,1_6,3.08033990324,-9999.0,-9999.0,-9999.0,44.061580658,46.2129586063857,28.8395015998485,270969.44,658861.44,12,8,44.062
NS75NW_500,1,1_6,6.67696127357,-9999.0,-9999.0,-9999.0,43.841999054,188.425756069443,61.6015579582902,270962.72,658849.35,44,24,43.842
NS75NW_501,1,1_6,6.13610693749,-9999.0,-9999.0,-9999.0,32.0120010376,237.850984668991,70.576717760393,270845.17,658841.05,40,22,32.012
NS75NW_504,1,1_6,7.02329788062,-9999.0,-9999.0,-9999.0,36.9464988708,138.320188907718,49.0941547511844,270918.45,658835.66,20,12,36.947
NS75NW_505,1,1_6,4.40039013036,-9999.0,-9999.0,-9999.0,31.3250007629,395.696248806738,156.214580048644,270882.64,658833.93,112,58,31.325
NS75NW_506,1,1_6,7.86978307996,-9999.0,-9999.0,-9999.0,33.1910018921,188.773601603785,58.9133491451788,270782.25,658829.43,28,16,33.191
NS75NW_508,1,1_6,5.12601414147,-9999.0,-9999.0,-9999.0,32.3559989929,298.190482242883,78.3622122820614,270807.51,658823.3,48,26,32.356
NS75NW_509,1,1_6,4.45603486563,-9999.0,-9999.0,-9999.0,35.9796676636,102.452955876167,47.0138130380359,270933.37,658818.26,36,20,35.98
NS75NW_510,1,1_6,6.12716362793,-9999.0,-9999.0,-9999.0,31.7840003967,179.961187745793,56.9406453560489,270828.16,658810.78,20,12,31.784
NS75NW_511,1,1_6,6.48291517121,-9999.0,-9999.0,-9999.0,34.0909996033,168.070399954412,55.1260794151099,270952.96,658810.54,28,16,34.091
NS75NW_512,1,1_6,6.14621869319,-9999.0,-9999.0,-9999.0,29.9867992401,185.002509149209,56.7439889528467,270906.47,658812.39,20,12,29.987
NS75NW_513,1,1_6,4.8270739931,-9999.0,-9999.0,-9999.0,31.3029994965,265.830516618728,130.307126712519,270851.6,658799.63,112,56,31.303
NS75NW_514,1,1_6,3.76777799354,-9999.0,-9999.0,-9999.0,37.9346008301,138.128458972633,59.3430047231892,270817.22,658773.87,44,24,37.935
NS75NW_515,1,1_6,5.81333812325,-9999.0,-9999.0,-9999.0,30.6539993286,215.711565263319,69.8650417095386,270877.96,658766.95,36,20,30.654
NS75NW_518,1,1_6,6.16270960071,-9999.0,-9999.0,-9999.0,29.4039993286,184.730957863039,59.6534536846907,270902.43,658760.31,20,12,29.404
NS75NW_519,1,1_6,3.86516171525,-9999.0,-9999.0,-9999.0,34.6160011292,347.273627076137,123.843318962687,270839.11,658765.3,64,34,34.616
NS75NW_106,1,1_7,5.08143438318,-9999.0,-9999.0,-9999.0,40.2420005798,305.710581573791,90.2180240877873,270648.59,659734.95,40,22,40.242
NS75NW_110,1,1_7,5.46367768552,-9999.0,-9999.0,-9999.0,39.9300003052,605.669286493332,142.042741660322,270725.25,659740.3,60,32,39.93
NS75NW_114,1,1_7,3.83255397667,-9999.0,-9999.0,-9999.0,40.5719985962,59.7689924989851,30.9373584375255,270733.92,659711.85,12,8,40.572
NS75NW_118,1,1_7,5.33122652049,-9999.0,-9999.0,-9999.0,40.4770011902,335.363635529655,111.440007271213,270643.79,659708.96,84,44,40.477
NS75NW_120,1,1_7,5.70675113195,-9999.0,-9999.0,-9999.0,40.7890014648,94.6650452355944,41.2330749908889,270641.3,659688.86,20,12,40.789
NS75NW_126,1,1_7,5.27893336036,-9999.0,-9999.0,-9999.0,40.9179992676,115.597175344379,48.3972396986934,270644.19,659679.12,28,16,40.918
NS75NW_137,1,1_7,5.95165634886,-9999.0,-9999.0,-9999.0,41.391998291,134.715549634063,46.8525661709357,270643.72,659652.04,12,8,41.392
NS75NW_14,1,1_7,3.96244639521,-9999.0,-9999.0,-9999.0,39.2150001526,29.1178260602521,24.7147671705864,270640.78,659972.92,12,8,39.215
NS75NW_145,1,1_7,4.38219980322,-9999.0,-9999.0,-9999.0,41.9440002441,195.099172756475,65.2216638551099,270699.07,659617.64,20,12,41.944
NS75NW_146,1,1_7,4.29358063041,-9999.0,-9999.0,-9999.0,41.7400016785,132.292500417878,46.3585309710717,270635.09,659599.82,12,8,41.74
NS75NW_160,1,1_7,4.7153838232,-9999.0,-9999.0,-9999.0,40.983001709,1078.15094422754,170.367771115229,270783.52,659561.73,60,32,40.983
NS75NW_162,1,1_7,2.92887221442,-9999.0,-9999.0,-9999.0,40.5260009766,22.5059587525266,19.0321624254511,270748.75,659535.07,12,8,40.526
NS75NW_168,1,1_7,6.6329676613,-9999.0,-9999.0,-9999.0,40.6459999084,63.2890499883032,31.8286441645051,270744.66,659523.37,12,8,40.646
NS75NW_177,1,1_7,5.70434791054,-9999.0,-9999.0,-9999.0,41.9599990845,4337.82672490003,526.235907030591,270696.37,659541.34,224,108,41.96
NS75NW_180,1,1_7,4.65409905142,-9999.0,-9999.0,-9999.0,41.5299987793,1092.87402409755,172.33261582271,270785.89,659498.42,68,36,41.53
NS75NW_183,1,1_7,2.71809458733,-9999.0,-9999.0,-9999.0,42.3569602966,27.5074237479077,24.8194013220817,270714.32,659472.07,8,6,42.357
NS75NW_187,1,1_7,2.29148676589,-9999.0,-9999.0,-9999.0,42.4070014954,40.1014462563827,25.9909778511749,270805.06,659462.06,12,8,42.407
NS75NW_190,1,1_7,4.01860884846,-9999.0,-9999.0,-9999.0,42.5040016174,53.4428099970019,30.3779152348952,270635.32,659448.15,12,8,42.504
NS75NW_191,1,1_7,4.31487560272,-9999.0,-9999.0,-9999.0,42.0559997559,105.239356672415,41.6179421415609,270797.33,659448.37,12,8,42.056
NS75NW_192,1,1_7,4.43416879116,-9999.0,-9999.0,-9999.0,42.577999115,121.660934622056,51.1620612711877,270814.5,659450.06,28,16,42.578
NS75NW_193,1,1_7,4.54166825532,-9999.0,-9999.0,-9999.0,42.4869995117,104.042387096152,47.9001431966397,270826.98,659443.57,36,20,42.487
NS75NW_195,1,1_7,5.24840261366,-9999.0,-9999.0,-9999.0,41.5709991455,586.711497488012,171.561990249666,270763.75,659445.15,84,44,41.571
NS75NW_198,1,1_7,4.59142890721,-9999.0,-9999.0,-9999.0,42.5340003967,305.341482618592,88.8354573180737,270840.96,659428.71,36,20,42.534
NS75NW_203,1,1_7,4.07081825359,-9999.0,-9999.0,-9999.0,41.9339981079,441.685787363942,120.941618049473,270799.28,659413.38,52,28,41.934
NS75NW_204,1,1_7,4.34672361585,-9999.0,-9999.0,-9999.0,42.4609985352,1959.28152401842,344.613062822357,270679.41,659431.93,132,66,42.461
NS75NW_205,1,1_7,4.46319345802,-9999.0,-9999.0,-9999.0,42.4140014648,130.891256250079,47.3959399959213,270738.31,659401.42,24,14,42.414
NS75NW_206,1,1_7,2.10841479418,-9999.0,-9999.0,-9999.0,42.5989990234,53.8741799994632,32.3692955541068,270819.98,659399.47,16,10,42.599
NS75NW_207,1,1_7,4.68919662476,-9999.0,-9999.0,-9999.0,41.8969993591,434.969437092431,128.88229351096,270764.35,659407.04,68,36,41.897
NS75NW_208,1,1_7,3.98369704894,-9999.0,-9999.0,-9999.0,42.8209991455,287.720927839903,95.338013823189,270850.54,659404.98,52,28,42.821
NS75NW_213,1,1_7,4.15665713109,-9999.0,-9999.0,-9999.0,43.1160011292,157.925057672992,65.7782961913175,270860.27,659386.32,28,16,43.116
NS75NW_214,1,1_7,2.13044314717,-9999.0,-9999.0,-9999.0,42.7249984741,57.7905974945653,35.9949885052062,270742.53,659384.96,16,10,42.725
NS75NW_215,1,1_7,2.32539019865,-9999.0,-9999.0,-9999.0,42.6059989929,22.710543745622,22.5316302034901,270760.57,659381.29,8,6,42.606
NS75NW_217,1,1_7,5.26764427455,-9999.0,-9999.0,-9999.0,42.7760009766,117.03301338179,43.77695017361,270823.96,659385.15,12,8,42.776
NS75NW_223,1,1_7,4.26864074482,-9999.0,-9999.0,-9999.0,42.1730003357,405.550950260099,117.966376435301,270802.68,659376.13,60,32,42.173
NS75NW_24,1,1_7,5.73857008311,-9999.0,-9999.0,-9999.0,38.8310012817,590.059680694197,105.667221338,270795.11,659955.43,12,8,38.831
NS75NW_41,1,1_7,3.3999232462,-9999.0,-9999.0,-9999.0,39.9319992065,23.0482049980271,22.2137822152453,270857.52,659912.89,8,6,39.932
NS75NW_44,1,1_7,5.19225358508,-9999.0,-9999.0,-9999.0,39.3499984741,949.96712361992,167.204834104415,270952.88,659916.31,52,28,39.35
NS75NW_56,1,1_7,4.29190278091,-9999.0,-9999.0,-9999.0,39.4609985352,159.918553050125,51.208750366961,270955.25,659881.5,12,8,39.461
NS75NW_62,1,1_7,4.43858868404,-9999.0,-9999.0,-9999.0,36.3870010376,217.947652027295,68.9886015162222,270670.07,659850.04,28,16,36.387
NS75NW_63,1,1_7,2.55972334743,-9999.0,-9999.0,-9999.0,38.4481430054,33.7100249984069,23.601138245391,270635.06,659821.8,12,8,38.448
NS75NW_66,1,1_7,6.73263046599,-9999.0,-9999.0,-9999.0,37.8079986572,214.516214035822,60.132041862817,270653.08,659822.84,20,12,37.808
NS75NW_74,1,1_7,5.28837270167,-9999.0,-9999.0,-9999.0,38.1650009155,566.948459392618,161.690047426286,270642.77,659805.22,84,44,38.165
NS75NW_76,1,1_7,5.69729529406,-9999.0,-9999.0,-9999.0,38.6220016479,140.452681912484,53.0696675275543,270673.1,659798.0,44,24,38.622
NS75NW_78,1,1_7,4.37568171753,-9999.0,-9999.0,-9999.0,39.3190002441,804.894069639807,131.735912367696,270840.86,659804.67,48,26,39.319
NS75NW_87,1,1_7,7.60889822996,-9999.0,-9999.0,-9999.0,39.9480018616,268.676219900438,75.5438341876776,270649.66,659763.97,36,20,39.948
